field,name,id,label
test,Myriel,0,Person
test,Napoleon,1,Person
test,MlleBaptistine,2,Person
test,MmeMagloire,3,Person
test,CountessDeLo,4,Person
test,Geborand,5,Person
test,Champtercier,6,Person
test,Cravatte,7,Person
test,Count,8,Person
test,OldMan,9,Person
test,Labarre,10,Person
test,Valjean,11,Person
test,Marguerite,12,Person
test,MmeDeR,13,Person
test,Isabeau,14,Person
test,Gervais,15,Person
test,Tholomyes,16,Person
test,Listolier,17,Person
test,Fameuil,18,Person
test,Blacheville,19,Person
test,Favourite,20,Person
test,Dahlia,21,Person
test,Zephine,22,Person
test,Fantine,23,Person
test,MmeThenardier,24,Person
test,Thenardier,25,Person
test,Cosette,26,Person
test,Javert,27,Person
test,Fauchelevent,28,Person
test,Bamatabois,29,Person
test,Perpetue,30,Person
test,Simplice,31,Person
test,Scaufflaire,32,Person
test,Gillenormand,49,Person
test,Magnon,50,Person
test,MlleGillenormand,51,Person
test,MmePontmercy,52,Person
test,MlleVaubois,53,Person
test,LtGillenormand,54,Person
test,Marius,55,Person
test,BaronessT,56,Person
test,Mabeuf,57,Person
test,Enjolras,58,Person
test,Combeferre,59,Person
test,Prouvaire,60,Person
test,Feuilly,61,Person
test,Courfeyrac,62,Person
test,Bahorel,63,Person
test,Woman1,33,Person
test,Judge,34,Person
test,Champmathieu,35,Person
test,Brevet,36,Person
test,Chenildieu,37,Person
test,Cochepaille,38,Person
test,Pontmercy,39,Person
test,Bossuet,64,Person
test,Joly,65,Person
test,Grantaire,66,Person
test,MotherPlutarch,67,Person
test,Gueulemer,68,Person
test,Babet,69,Person
test,Claquesous,70,Person
test,Montparnasse,71,Person
test,Toussaint,72,Person
test,Child1,73,Person
test,Child2,74,Person
test,Brujon,75,Person
test,MmeHucheloup,76,Person
test,Boulatruelle,40,Person
test,Eponine,41,Person
test,Anzelma,42,Person
test,Woman2,43,Person
test,MotherInnocent,44,Person
test,Gribier,45,Person
test,Jondrette,46,Person
test,MmeBurgon,47,Person
test,Gavroche,48,Person
